epoch,train loss,val loss,swa
0.0,0.2267879425154792,0.23745697736740112,n
19.0,0.18428197887208728,0.20744128227233888,y
